onset	duration	trial_type	value	sample
79.234	3.0	bilateral	1	39617
87.328	3.0	bilateral	1	43664
95.29	3.0	bilateral	1	47645
102.946	3.0	bilateral	1	51473
110.728	3.0	bilateral	1	55364
118.552	3.0	bilateral	1	59276
126.228	3.0	bilateral	1	63114
133.456	3.0	bilateral	1	66728
141.346	3.0	bilateral	1	70673
149.07	3.0	bilateral	1	74535
156.9	3.0	bilateral	1	78450
164.846	3.0	bilateral	1	82423
172.83	3.0	bilateral	1	86415
180.364	3.0	bilateral	1	90182
187.738	3.0	bilateral	1	93869
195.344	3.0	bilateral	1	97672
202.772	3.0	bilateral	1	101386
210.006	3.0	bilateral	1	105003
217.328	3.0	bilateral	1	108664
224.904	3.0	bilateral	1	112452
232.396	3.0	bilateral	1	116198
240.008	3.0	bilateral	1	120004
247.434	3.0	bilateral	1	123717
255.096	3.0	bilateral	1	127548
262.68	3.0	bilateral	1	131340
270.138	3.0	bilateral	1	135069
277.98	3.0	bilateral	1	138990
285.75	3.0	bilateral	1	142875
293.276	3.0	bilateral	1	146638
300.906	3.0	bilateral	1	150453
307.958	3.0	bilateral	1	153979
315.692	3.0	bilateral	1	157846
323.246	3.0	bilateral	1	161623
330.744	3.0	bilateral	1	165372
338.396	3.0	bilateral	1	169198
345.934	3.0	bilateral	1	172967
353.352	3.0	bilateral	1	176676
361.05	3.0	bilateral	1	180525
368.57	3.0	bilateral	1	184285
376.24	3.0	bilateral	1	188120
383.706	3.0	bilateral	1	191853
