name	x	y	z	impedance	type	material
FP1	-0.03090258833242555	0.11458517879242798	0.02786657432908913	0.0	active	active
FP2	0.028409495337624727	0.11534630990164213	0.027721257722525875	2.0	active	active
F7	-0.07187662505917264	0.07310352742670875	0.025790455878913307	1.0	active	active
F3	-0.05180903841183724	0.08668789888287941	0.07871409302883386	2.0	active	active
FZ	-0.001229271161566281	0.09327445200029715	0.1026392934768164	0.0	active	active
F4	0.050274277731628736	0.08743838910239796	0.07727065434234194	0.0	active	active
F8	0.07143526925150917	0.07450512647808137	0.025101027393177114	4.0	active	active
FC5	-0.07890597635539306	0.05136738419239063	0.062962347939219	0.0	active	active
FC1	-0.03571586037883836	0.06171405984105545	0.11798301537735345	4.0	active	active
FC2	0.033130982370817734	0.06182848606183057	0.11678169813445419	1.0	active	active
FC6	0.0778466192866476	0.05209881120036266	0.06286710628925257	2.0	active	active
T7	-0.08598207795805729	0.014871638175652204	0.031173373739044698	1.0	active	active
C3	-0.0671487229331174	0.023358230537446293	0.1045106810602483	4.0	active	active
CZ	-0.0013741334028190722	0.027617093595102737	0.14019949417439556	1.0	active	active
C4	0.06532888071838541	0.023573104961569495	0.10369243420047652	5.0	active	active
T8	0.08326136985759491	0.015258189278681375	0.030972968524059938	1.0	active	active
TP9	-0.08755583336151591	-0.017629022106438536	-0.0034024089114879225	12.0	active	active
CP5	-0.08151351110863697	-0.01334569381422213	0.07313262712367305	3.0	active	active
CP1	-0.03742512541749303	-0.0108242377168398	0.13344371157184132	2.0	active	active
CP2	0.036471959575241124	-0.010903791502932452	0.1328122726312171	0.0	active	active
CP6	0.08140110772413488	-0.013462042634867968	0.07336367003861291	1.0	active	active
TP10	0.08422219947294665	-0.018769079573898475	-0.003534771527957052	7.0	active	active
P7	-0.07445796452347851	-0.04212316495850575	0.04127363138738122	2.0	active	active
P3	-0.0550382318026169	-0.044210304662340896	0.09990897692200876	0.0	active	active
PZ	-0.001709445046746896	-0.045212993324122014	0.12667292418209622	2.0	active	active
P4	0.05363601546337514	-0.04433452185507687	0.10051602773215099	0.0	active	active
P8	0.07103247088902218	-0.042259976012095204	0.0411988627819509	9.0	active	active
PO9	-0.05702818642024107	-0.0686054001769245	0.009741093694958226	1.0	active	active
O1	-0.03157355787465608	-0.08056835212663661	0.05478964562404762	12.0	active	active
OZ	-0.0020602461029908406	-0.0827829905012281	0.06073663060773575	13.0	active	active
O2	0.027683100559624117	-0.08048883980936473	0.0547340814777941	3.0	active	active
PO10	0.05286893942663136	-0.06904689883797926	0.009667772074864633	11.0	active	active
AF7	-0.05636065835605159	0.09915151733797462	0.025141289515095547	3.0	active	active
AF3	-0.035186007467538326	0.10912956509481905	0.05643921471178484	1.0	active	active
AF4	0.0342298581732583	0.10981127208682755	0.05711667432352483	3.0	active	active
AF8	0.05422546199477661	0.09983162030235374	0.02491507170177448	4.0	active	active
F5	-0.06605408347001591	0.08023977920903824	0.053771079274628375	2.0	active	active
F1	-0.029043947159812532	0.0914484772511269	0.09661865029442043	1.0	active	active
F2	0.02796791320013783	0.09186996574934479	0.09577991837531276	4.0	active	active
F6	0.06633134168869542	0.0815289669916695	0.05311627938005649	2.0	active	active
FT9	-0.08579654162522977	0.043081704721957007	-0.011575675838444974	3.0	active	active
FT7	-0.08248931089002047	0.04484873806704516	0.027680584654190814	4.0	active	active
FC3	-0.06185233708120759	0.057133285360774055	0.09376582882952159	2.0	active	active
FC4	0.06062548180278077	0.05770742045738668	0.09379461804488001	2.0	active	active
FT8	0.08010432710058435	0.04555358224385677	0.027412390613797664	2.0	active	active
FT10	0.08239065410825243	0.042274914953263736	-0.011673128497880748	5.0	active	active
C5	-0.08208529873125733	0.01929362757100219	0.06948966772818678	3.0	active	active
C1	-0.03793782383476591	0.0263374518138683	0.1297706088883019	2.0	active	active
C2	0.03589271692022557	0.026358138278001507	0.12841234097161083	2.0	active	active
C6	0.08165316938062157	0.01969565941729637	0.06948180710556634	4.0	active	active
TP7	-0.086757277911408	-0.014950977153944691	0.03515865615909791	4.0	active	active
CP3	-0.06547223352095873	-0.011896603418787375	0.10777792004226631	2.0	active	active
CPZ	-0.0015249049095034388	-0.010518376385192287	0.1415491439762969	3.0	active	active
CP4	0.06469625505180063	-0.011991175153616248	0.1077128709239866	5.0	active	active
TP8	0.08362232277947577	-0.01508566987716373	0.035057696834785955	4.0	active	active
P5	-0.06929984033251055	-0.04322697385521733	0.07225380245654417	1.0	active	active
P1	-0.03065361671214898	-0.0449273871112134	0.119472045379713	3.0	active	active
P2	0.02988639367294514	-0.04503254211011841	0.12074781507025116	3.0	active	active
P6	0.06586061936218297	-0.043338515400606556	0.07194130862688103	4.0	active	active
PO7	-0.05694862114459298	-0.06592324642051975	0.047907438021991204	4.0	active	active
PO3	-0.03862460152585547	-0.0673615830694722	0.08241555265208235	2.0	active	active
POZ	-0.00189982442989459	-0.06805409916590743	0.09590999936124336	7.0	active	active
PO4	0.034667793322282536	-0.06766213598039732	0.08164652939132529	5.0	active	active
PO8	0.053557322892856016	-0.06641693688532627	0.047850975850466874	4.0	active	active
